ID,Name,Description,Contributor,Citation,DOI,type,Source
dplace-dataset-binford,D-PLACE dataset derived from Binford 2001 'Constructing Frames of Reference',"The Binford Hunter-Gatherer dataset describes cultural practices for 339 hunter-gatherer groups. Approximately two-thirds of the societies described by Binford are also described in the Ethnographic Atlas. However, the Binford database includes a number of societies not in the Ethnographic Atlas, including many in Australia and northern North America.",Lewis R. Binford,"Lewis R. Binford. (2024). D-PLACE dataset derived from Binford 2001 'Constructing Frames of Reference' (v3.1) [Data set]. Zenodo. https://doi.org/10.5281/zenodo.13319363
Binford, L. 2001. Constructing Frames of Reference: An Analytical Method for Archaeological Theory Building Using Hunter-gatherer and Environmental Data Sets. University of California Press",10.5281/zenodo.13319363,dataset,binford
dplace-dataset-carneiro,D-PLACE dataset derived from Robert L. Carneiro's Dataset (6th edition),The Carneiro dataset (6th edition) describes 618 cultural practices for 72 societies that are globally distributed and encompass a wide range of cultural complexity. The data was collected by Robert Carneiro and his team in the 1960s and 1970s for the Scale Analysis project. The original notes are deposited at the American Museum of Natural History.,"Carneiro, Robert L.",,10.5281/zenodo.13325962,dataset,carneiro
dplace-dataset-ccmc,D-PLACE dataset derived from Bertolo et al. 2023 'Cross-cultural music corpus: The Expanded Natural History of Song Discography',"The Expanded Natural History of Song Discography contains more than 1000 audio recordings of vocal music gathered from many human societies, each annotated with a world region, language, and behavioural context.",Mila Bertolo and Martynas Snarskis and Manvir Singh and Samuel Mehr,"Mila Bertolo, Martynas Snarskis, Manvir Singh, & Samuel Mehr. (2024). D-PLACE dataset derived from Bertolo et al. 2023 'Cross-cultural music corpus: The Expanded Natural History of Song Discography' (v3.1) [Data set]. Zenodo. https://doi.org/10.5281/zenodo.13319593
Mila Bertolo, Martynas Snarskis, Manvir Singh, & Samuel Mehr. (2023, August 8). Cross-cultural music corpus: The Expanded Natural History of Song Discography. Zenodo. https://doi.org/10.5281/zenodo.8378337",10.5281/zenodo.13319593,dataset,ccmc
dplace-dataset-ea,D-PLACE dataset derived from Murdock et al. 1999 'Ethnographic Atlas',"The Ethnographic Atlas (EA) describes cultural practices for 1291 societies, ranging from societies with complex agricultural economies and political systems to small hunter-gatherer groups. The societies are globally distributed with especially good coverage of Africa and western North America.","Murdock, G. P. and R. Textor and H. Barry, III and D. R. White and J. P. Gray and W. T. Divale","Murdock, G. P., R. Textor, H. Barry, I., D. R. White, J. P. Gray, & W. T. Divale. (2024). D-PLACE dataset derived from Murdock et al. 1999 'Ethnographic Atlas' (v3.1) [Data set]. Zenodo. https://doi.org/10.5281/zenodo.13319191
Murdock, G. P., R. Textor, H. Barry, III, D. R. White, J. P. Gray, and W. T. Divale. 1999. Ethnographic Atlas. World Cultures 10:24-136 (codebook)",10.5281/zenodo.13319191,dataset,ea
dplace-dataset-ecoclimate,D-PLACE dataset derived from Lima-Ribeiro et al. 2015 'ecoClimate',"Dataset Baseline Historical (1900-1949), CCSM ecoClimate model",Lima-Ribeiro MS and Varela S and González-Hernández J and Oliveira G and Diniz-Filho JAF and Peterson AT and Terribile LC,"Lima-Ribeiro MS, Varela S, González-Hernández J, Oliveira G, Diniz-Filho JAF, Peterson AT, & Terribile LC. (2024). D-PLACE dataset derived from Lima-Ribeiro et al. 2015 'ecoClimate' (v3.1) [Data set]. Zenodo. https://doi.org/10.5281/zenodo.13318981
Lima-Ribeiro MS; Varela S; González-Hernández J; Oliveira G; Diniz-Filho JAF; Terribile LC. 2015. ecoClimate: a database of climate data from multiple models for past, present, and future for Macroecologists and Biogeographers Biodiversity Informatics 10, 1-21. DOI: 10.17161/bi.v10i0.4955

Lima-Ribeiro MS; Varela S; González-Hernández J; Oliveira G; Diniz-Filho JAF; Peterson AT; Terribile LC. The ecoClimate Database, http://ecoclimate.org",10.5281/zenodo.13318981,dataset,ecoclimate
dplace-dataset-gmted2010,D-PLACE dataset derived from 'Global Multi-resolution Terrain Elevation Data 2010',Global Multi-resolution Terrain Elevation Data 2010,Earth Resources Observation and Science (EROS) Center,"Earth Resources Observation and Science (EROS) Center. (2024). D-PLACE dataset derived from 'Global Multi-resolution Terrain Elevation Data 2010' (v3.1) [Data set]. Zenodo. https://doi.org/10.5281/zenodo.13318960
Global Multi-resolution Terrain Elevation Data courtesy of the U.S. Geological Survey (Downloaded 14 Jul 2014)",10.5281/zenodo.13318960,dataset,gmted2010
dplace-dataset-gshhs,"D-PLACE dataset derived from Wessel and Smith 2015 'Global Self-consistent, Hierarchical, High-resolution Geography Database'",Distance to coast extracted from the High-resolution Geography Database (GSHHS),P. Wessel and W. H. F. Smith,"P. Wessel, & W. H. F. Smith. (2024). D-PLACE dataset derived from Wessel and Smith 2015 'Global Self-consistent, Hierarchical, High-resolution Geography Database' (v3.1) [Data set]. Zenodo. https://doi.org/10.5281/zenodo.13318941
Wessel, P., and W. H. F. Smith (1996), A global, self-consistent, hierarchical, high-resolution shoreline database, J. Geophys. Res., 101(B4), 8741–8743, doi:10.1029/96JB00104.

Wessel P, Smith, W. H. F. Global Self-consistent, Hierarchical, High-resolution Geography Database (GSHHS) v2.3.4 [Internet]. 2015. Available: https://www.ngdc.noaa.gov/mgg/shorelines/gshhs.html",10.5281/zenodo.13318941,dataset,gshhs
dplace-dataset-jenkins,D-PLACE dataset derived from Jenkins et al. 2013 'Global patterns of terrestrial vertebrate diversity and conservation',Animal richness data,"Jenkins, CN and SL Pimm and LN Joppa","Jenkins, C., SL Pimm, & LN Joppa. (2024). D-PLACE dataset derived from Jenkins et al. 2013 'Global patterns of terrestrial vertebrate diversity and conservation' (v3.1) [Data set]. Zenodo. https://doi.org/10.5281/zenodo.13318912
Jenkins CN, Pimm SL, Joppa LN. Global patterns of terrestrial vertebrate diversity and conservation. Proc Natl Acad Sci. 2013;110: E2602–E2610.",10.5281/zenodo.13318912,dataset,jenkins
dplace-dataset-kreft,D-PLACE dataset derived from Kreft and Jetz 2007 'Global patterns and determinants of vascular plant diversity',,Kreft H. and Jetz W.,"Kreft H., & Jetz W. (2024). D-PLACE dataset derived from Kreft and Jetz 2007 'Global patterns and determinants of vascular plant diversity' (v3.1) [Data set]. Zenodo. https://doi.org/10.5281/zenodo.13318895
Kreft H, Jetz W. Global patterns and determinants of vascular plant diversity. Proc Natl Acad Sci. 2007;104: 5925–5930.",10.5281/zenodo.13318895,dataset,kreft
dplace-dataset-modis,D-PLACE dataset derived from NASA TERRA/MODIS 'Net Primary Productivity',Net Primary Productivity data derived from Moderate Resolution Imaging Spectroradiometer data.,NASA TERRA/MODIS,"NASA TERRA/MODIS. (2024). D-PLACE dataset derived from NASA TERRA/MODIS 'Net Primary Productivity' (v3.1) [Data set]. Zenodo. https://doi.org/10.5281/zenodo.13318881
NASA. Net Primary Productivity (1 month - TERRA/MODIS)",10.5281/zenodo.13318881,dataset,modis
dplace-dataset-sccs,D-PLACE dataset derived from Murdock and White 1969 'Standard Cross-Cultural Sample',,"Murdock, George P. and White, Douglas R.","Murdock, G. P., & White, D. R. (2024). D-PLACE dataset derived from Murdock and White 1969 'Standard Cross-Cultural Sample' (v3.1) [Data set]. Zenodo. https://doi.org/10.5281/zenodo.13318864
Murdock GP & White DR. 1969. Standard Cross-Cultural Sample. Ethnology. 9:329–369.",10.5281/zenodo.13318864,dataset,sccs
dplace-dataset-teow,D-PLACE dataset derived from Olson et al. 2001 'Terrestrial Ecoregions of the World',This dataset maps D-PLACE societies to TEOW ecoRegions and Biomes.,"Olson, D. M. and Dinerstein, E. and Wikramanayake, E. D. and Burgess, N. D. and Powell, G. V. N. and Underwood, E. C. and D'Amico, J. A. and Itoua, I. and Strand, H. E. and Morrison, J. C. and et al.","Olson, D. M., Dinerstein, E., Wikramanayake, E. D., Burgess, N. D., Powell, G. V. N., Underwood, E. C., D'Amico, J. A., Itoua, I., Strand, H. E., Morrison, J. C., Loucks, C. J., Allnutt, T. F., Ricketts, T. H., Kura, Y., Lamoreux, J. F., Wettengel, W. W., Hedao, P., & Kassem, K. R. (2024). D-PLACE dataset derived from Olson et al. 2001 'Terrestrial Ecoregions of the World' (v3.1) [Data set]. Zenodo. https://doi.org/10.5281/zenodo.13318848
Olson, D. M., Dinerstein, E., Wikramanayake, E. D., Burgess, N. D., Powell, G. V. N., Underwood, E. C., D'Amico, J. A., Itoua, I., Strand, H. E., Morrison, J. C., Loucks, C. J., Allnutt, T. F., Ricketts, T. H., Kura, Y., Lamoreux, J. F., Wettengel, W. W., Hedao, P., Kassem, K. R. 2001. Terrestrial ecoregions of the world: a new map of life on Earth. Bioscience 51(11):933-938.",10.5281/zenodo.13318848,dataset,teow
dplace-dataset-wnai,D-PLACE dataset derived from Jorgensen 1980 'Western Indians',The Western North American Indians (WNAI) dataset describes cultural practices for 172 societies in Western North America.,"Jorgensen, JG","Jorgensen, J. (2024). D-PLACE dataset derived from Jorgensen 1980 'Western Indians' (v3.1) [Data set]. Zenodo. https://doi.org/10.5281/zenodo.13318637
Jorgensen, JG. 1980. Western Indians: Comparative Environments, Languages, and Cultures of 172 Western American Indian Tribes. San Francisco: W.H. Freeman and Company.",10.5281/zenodo.13318637,dataset,wnai
mixe1284,Mixe-Zoque (Glottolog v5.0),Classification of Mixe-Zoque languages in Glottolog v5.0 pruned to languages represented in D-PLACE,Harald Hammarström and Robert Forkel and Martin Haspelmath and Sebastian Bank,"Harald Hammarström, Robert Forkel, Martin Haspelmath, & Sebastian Bank. (2024). glottolog/glottolog: Glottolog database 5.0 (v5.0) [Data set]. Zenodo. https://doi.org/10.5281/zenodo.10804357",10.5281/zenodo.10804357,phylogeny,glottolog_glottolog
chib1249,Chibchan (Glottolog v5.0),Classification of Chibchan languages in Glottolog v5.0 pruned to languages represented in D-PLACE,Harald Hammarström and Robert Forkel and Martin Haspelmath and Sebastian Bank,"Harald Hammarström, Robert Forkel, Martin Haspelmath, & Sebastian Bank. (2024). glottolog/glottolog: Glottolog database 5.0 (v5.0) [Data set]. Zenodo. https://doi.org/10.5281/zenodo.10804357",10.5281/zenodo.10804357,phylogeny,glottolog_glottolog
turk1311,Turkic (Glottolog v5.0),Classification of Turkic languages in Glottolog v5.0 pruned to languages represented in D-PLACE,Harald Hammarström and Robert Forkel and Martin Haspelmath and Sebastian Bank,"Harald Hammarström, Robert Forkel, Martin Haspelmath, & Sebastian Bank. (2024). glottolog/glottolog: Glottolog database 5.0 (v5.0) [Data set]. Zenodo. https://doi.org/10.5281/zenodo.10804357",10.5281/zenodo.10804357,phylogeny,glottolog_glottolog
saha1256,Saharan (Glottolog v5.0),Classification of Saharan languages in Glottolog v5.0 pruned to languages represented in D-PLACE,Harald Hammarström and Robert Forkel and Martin Haspelmath and Sebastian Bank,"Harald Hammarström, Robert Forkel, Martin Haspelmath, & Sebastian Bank. (2024). glottolog/glottolog: Glottolog database 5.0 (v5.0) [Data set]. Zenodo. https://doi.org/10.5281/zenodo.10804357",10.5281/zenodo.10804357,phylogeny,glottolog_glottolog
surm1244,Surmic (Glottolog v5.0),Classification of Surmic languages in Glottolog v5.0 pruned to languages represented in D-PLACE,Harald Hammarström and Robert Forkel and Martin Haspelmath and Sebastian Bank,"Harald Hammarström, Robert Forkel, Martin Haspelmath, & Sebastian Bank. (2024). glottolog/glottolog: Glottolog database 5.0 (v5.0) [Data set]. Zenodo. https://doi.org/10.5281/zenodo.10804357",10.5281/zenodo.10804357,phylogeny,glottolog_glottolog
waka1280,Wakashan (Glottolog v5.0),Classification of Wakashan languages in Glottolog v5.0 pruned to languages represented in D-PLACE,Harald Hammarström and Robert Forkel and Martin Haspelmath and Sebastian Bank,"Harald Hammarström, Robert Forkel, Martin Haspelmath, & Sebastian Bank. (2024). glottolog/glottolog: Glottolog database 5.0 (v5.0) [Data set]. Zenodo. https://doi.org/10.5281/zenodo.10804357",10.5281/zenodo.10804357,phylogeny,glottolog_glottolog
tang1340,Tangkic (Glottolog v5.0),Classification of Tangkic languages in Glottolog v5.0 pruned to languages represented in D-PLACE,Harald Hammarström and Robert Forkel and Martin Haspelmath and Sebastian Bank,"Harald Hammarström, Robert Forkel, Martin Haspelmath, & Sebastian Bank. (2024). glottolog/glottolog: Glottolog database 5.0 (v5.0) [Data set]. Zenodo. https://doi.org/10.5281/zenodo.10804357",10.5281/zenodo.10804357,phylogeny,glottolog_glottolog
kadu1256,Kadugli-Krongo (Glottolog v5.0),Classification of Kadugli-Krongo languages in Glottolog v5.0 pruned to languages represented in D-PLACE,Harald Hammarström and Robert Forkel and Martin Haspelmath and Sebastian Bank,"Harald Hammarström, Robert Forkel, Martin Haspelmath, & Sebastian Bank. (2024). glottolog/glottolog: Glottolog database 5.0 (v5.0) [Data set]. Zenodo. https://doi.org/10.5281/zenodo.10804357",10.5281/zenodo.10804357,phylogeny,glottolog_glottolog
boro1281,Bororoan (Glottolog v5.0),Classification of Bororoan languages in Glottolog v5.0 pruned to languages represented in D-PLACE,Harald Hammarström and Robert Forkel and Martin Haspelmath and Sebastian Bank,"Harald Hammarström, Robert Forkel, Martin Haspelmath, & Sebastian Bank. (2024). glottolog/glottolog: Glottolog database 5.0 (v5.0) [Data set]. Zenodo. https://doi.org/10.5281/zenodo.10804357",10.5281/zenodo.10804357,phylogeny,glottolog_glottolog
song1307,Songhay (Glottolog v5.0),Classification of Songhay languages in Glottolog v5.0 pruned to languages represented in D-PLACE,Harald Hammarström and Robert Forkel and Martin Haspelmath and Sebastian Bank,"Harald Hammarström, Robert Forkel, Martin Haspelmath, & Sebastian Bank. (2024). glottolog/glottolog: Glottolog database 5.0 (v5.0) [Data set]. Zenodo. https://doi.org/10.5281/zenodo.10804357",10.5281/zenodo.10804357,phylogeny,glottolog_glottolog
tupi1275,Tupian (Glottolog v5.0),Classification of Tupian languages in Glottolog v5.0 pruned to languages represented in D-PLACE,Harald Hammarström and Robert Forkel and Martin Haspelmath and Sebastian Bank,"Harald Hammarström, Robert Forkel, Martin Haspelmath, & Sebastian Bank. (2024). glottolog/glottolog: Glottolog database 5.0 (v5.0) [Data set]. Zenodo. https://doi.org/10.5281/zenodo.10804357",10.5281/zenodo.10804357,phylogeny,glottolog_glottolog
cari1283,Cariban (Glottolog v5.0),Classification of Cariban languages in Glottolog v5.0 pruned to languages represented in D-PLACE,Harald Hammarström and Robert Forkel and Martin Haspelmath and Sebastian Bank,"Harald Hammarström, Robert Forkel, Martin Haspelmath, & Sebastian Bank. (2024). glottolog/glottolog: Glottolog database 5.0 (v5.0) [Data set]. Zenodo. https://doi.org/10.5281/zenodo.10804357",10.5281/zenodo.10804357,phylogeny,glottolog_glottolog
indo1319,Indo-European (Glottolog v5.0),Classification of Indo-European languages in Glottolog v5.0 pruned to languages represented in D-PLACE,Harald Hammarström and Robert Forkel and Martin Haspelmath and Sebastian Bank,"Harald Hammarström, Robert Forkel, Martin Haspelmath, & Sebastian Bank. (2024). glottolog/glottolog: Glottolog database 5.0 (v5.0) [Data set]. Zenodo. https://doi.org/10.5281/zenodo.10804357",10.5281/zenodo.10804357,phylogeny,glottolog_glottolog
maya1287,Mayan (Glottolog v5.0),Classification of Mayan languages in Glottolog v5.0 pruned to languages represented in D-PLACE,Harald Hammarström and Robert Forkel and Martin Haspelmath and Sebastian Bank,"Harald Hammarström, Robert Forkel, Martin Haspelmath, & Sebastian Bank. (2024). glottolog/glottolog: Glottolog database 5.0 (v5.0) [Data set]. Zenodo. https://doi.org/10.5281/zenodo.10804357",10.5281/zenodo.10804357,phylogeny,glottolog_glottolog
krua1234,Kru (Glottolog v5.0),Classification of Kru languages in Glottolog v5.0 pruned to languages represented in D-PLACE,Harald Hammarström and Robert Forkel and Martin Haspelmath and Sebastian Bank,"Harald Hammarström, Robert Forkel, Martin Haspelmath, & Sebastian Bank. (2024). glottolog/glottolog: Glottolog database 5.0 (v5.0) [Data set]. Zenodo. https://doi.org/10.5281/zenodo.10804357",10.5281/zenodo.10804357,phylogeny,glottolog_glottolog
jarr1235,Jarrakan (Glottolog v5.0),Classification of Jarrakan languages in Glottolog v5.0 pruned to languages represented in D-PLACE,Harald Hammarström and Robert Forkel and Martin Haspelmath and Sebastian Bank,"Harald Hammarström, Robert Forkel, Martin Haspelmath, & Sebastian Bank. (2024). glottolog/glottolog: Glottolog database 5.0 (v5.0) [Data set]. Zenodo. https://doi.org/10.5281/zenodo.10804357",10.5281/zenodo.10804357,phylogeny,glottolog_glottolog
nduu1242,Ndu (Glottolog v5.0),Classification of Ndu languages in Glottolog v5.0 pruned to languages represented in D-PLACE,Harald Hammarström and Robert Forkel and Martin Haspelmath and Sebastian Bank,"Harald Hammarström, Robert Forkel, Martin Haspelmath, & Sebastian Bank. (2024). glottolog/glottolog: Glottolog database 5.0 (v5.0) [Data set]. Zenodo. https://doi.org/10.5281/zenodo.10804357",10.5281/zenodo.10804357,phylogeny,glottolog_glottolog
guai1249,Guaicuruan (Glottolog v5.0),Classification of Guaicuruan languages in Glottolog v5.0 pruned to languages represented in D-PLACE,Harald Hammarström and Robert Forkel and Martin Haspelmath and Sebastian Bank,"Harald Hammarström, Robert Forkel, Martin Haspelmath, & Sebastian Bank. (2024). glottolog/glottolog: Glottolog database 5.0 (v5.0) [Data set]. Zenodo. https://doi.org/10.5281/zenodo.10804357",10.5281/zenodo.10804357,phylogeny,glottolog_glottolog
nucl1708,Nuclear Torricelli (Glottolog v5.0),Classification of Nuclear Torricelli languages in Glottolog v5.0 pruned to languages represented in D-PLACE,Harald Hammarström and Robert Forkel and Martin Haspelmath and Sebastian Bank,"Harald Hammarström, Robert Forkel, Martin Haspelmath, & Sebastian Bank. (2024). glottolog/glottolog: Glottolog database 5.0 (v5.0) [Data set]. Zenodo. https://doi.org/10.5281/zenodo.10804357",10.5281/zenodo.10804357,phylogeny,glottolog_glottolog
yoku1255,Yokutsan (Glottolog v5.0),Classification of Yokutsan languages in Glottolog v5.0 pruned to languages represented in D-PLACE,Harald Hammarström and Robert Forkel and Martin Haspelmath and Sebastian Bank,"Harald Hammarström, Robert Forkel, Martin Haspelmath, & Sebastian Bank. (2024). glottolog/glottolog: Glottolog database 5.0 (v5.0) [Data set]. Zenodo. https://doi.org/10.5281/zenodo.10804357",10.5281/zenodo.10804357,phylogeny,glottolog_glottolog
ayma1253,Aymaran (Glottolog v5.0),Classification of Aymaran languages in Glottolog v5.0 pruned to languages represented in D-PLACE,Harald Hammarström and Robert Forkel and Martin Haspelmath and Sebastian Bank,"Harald Hammarström, Robert Forkel, Martin Haspelmath, & Sebastian Bank. (2024). glottolog/glottolog: Glottolog database 5.0 (v5.0) [Data set]. Zenodo. https://doi.org/10.5281/zenodo.10804357",10.5281/zenodo.10804357,phylogeny,glottolog_glottolog
afro1255,Afro-Asiatic (Glottolog v5.0),Classification of Afro-Asiatic languages in Glottolog v5.0 pruned to languages represented in D-PLACE,Harald Hammarström and Robert Forkel and Martin Haspelmath and Sebastian Bank,"Harald Hammarström, Robert Forkel, Martin Haspelmath, & Sebastian Bank. (2024). glottolog/glottolog: Glottolog database 5.0 (v5.0) [Data set]. Zenodo. https://doi.org/10.5281/zenodo.10804357",10.5281/zenodo.10804357,phylogeny,glottolog_glottolog
mand1469,Mande (Glottolog v5.0),Classification of Mande languages in Glottolog v5.0 pruned to languages represented in D-PLACE,Harald Hammarström and Robert Forkel and Martin Haspelmath and Sebastian Bank,"Harald Hammarström, Robert Forkel, Martin Haspelmath, & Sebastian Bank. (2024). glottolog/glottolog: Glottolog database 5.0 (v5.0) [Data set]. Zenodo. https://doi.org/10.5281/zenodo.10804357",10.5281/zenodo.10804357,phylogeny,glottolog_glottolog
miwo1274,Miwok-Costanoan (Glottolog v5.0),Classification of Miwok-Costanoan languages in Glottolog v5.0 pruned to languages represented in D-PLACE,Harald Hammarström and Robert Forkel and Martin Haspelmath and Sebastian Bank,"Harald Hammarström, Robert Forkel, Martin Haspelmath, & Sebastian Bank. (2024). glottolog/glottolog: Glottolog database 5.0 (v5.0) [Data set]. Zenodo. https://doi.org/10.5281/zenodo.10804357",10.5281/zenodo.10804357,phylogeny,glottolog_glottolog
saha1239,Sahaptian (Glottolog v5.0),Classification of Sahaptian languages in Glottolog v5.0 pruned to languages represented in D-PLACE,Harald Hammarström and Robert Forkel and Martin Haspelmath and Sebastian Bank,"Harald Hammarström, Robert Forkel, Martin Haspelmath, & Sebastian Bank. (2024). glottolog/glottolog: Glottolog database 5.0 (v5.0) [Data set]. Zenodo. https://doi.org/10.5281/zenodo.10804357",10.5281/zenodo.10804357,phylogeny,glottolog_glottolog
wint1258,Wintuan (Glottolog v5.0),Classification of Wintuan languages in Glottolog v5.0 pruned to languages represented in D-PLACE,Harald Hammarström and Robert Forkel and Martin Haspelmath and Sebastian Bank,"Harald Hammarström, Robert Forkel, Martin Haspelmath, & Sebastian Bank. (2024). glottolog/glottolog: Glottolog database 5.0 (v5.0) [Data set]. Zenodo. https://doi.org/10.5281/zenodo.10804357",10.5281/zenodo.10804357,phylogeny,glottolog_glottolog
worr1236,Worrorran (Glottolog v5.0),Classification of Worrorran languages in Glottolog v5.0 pruned to languages represented in D-PLACE,Harald Hammarström and Robert Forkel and Martin Haspelmath and Sebastian Bank,"Harald Hammarström, Robert Forkel, Martin Haspelmath, & Sebastian Bank. (2024). glottolog/glottolog: Glottolog database 5.0 (v5.0) [Data set]. Zenodo. https://doi.org/10.5281/zenodo.10804357",10.5281/zenodo.10804357,phylogeny,glottolog_glottolog
cent2225,Central Sudanic (Glottolog v5.0),Classification of Central Sudanic languages in Glottolog v5.0 pruned to languages represented in D-PLACE,Harald Hammarström and Robert Forkel and Martin Haspelmath and Sebastian Bank,"Harald Hammarström, Robert Forkel, Martin Haspelmath, & Sebastian Bank. (2024). glottolog/glottolog: Glottolog database 5.0 (v5.0) [Data set]. Zenodo. https://doi.org/10.5281/zenodo.10804357",10.5281/zenodo.10804357,phylogeny,glottolog_glottolog
pama1250,Pama-Nyungan (Glottolog v5.0),Classification of Pama-Nyungan languages in Glottolog v5.0 pruned to languages represented in D-PLACE,Harald Hammarström and Robert Forkel and Martin Haspelmath and Sebastian Bank,"Harald Hammarström, Robert Forkel, Martin Haspelmath, & Sebastian Bank. (2024). glottolog/glottolog: Glottolog database 5.0 (v5.0) [Data set]. Zenodo. https://doi.org/10.5281/zenodo.10804357",10.5281/zenodo.10804357,phylogeny,glottolog_glottolog
hmon1336,Hmong-Mien (Glottolog v5.0),Classification of Hmong-Mien languages in Glottolog v5.0 pruned to languages represented in D-PLACE,Harald Hammarström and Robert Forkel and Martin Haspelmath and Sebastian Bank,"Harald Hammarström, Robert Forkel, Martin Haspelmath, & Sebastian Bank. (2024). glottolog/glottolog: Glottolog database 5.0 (v5.0) [Data set]. Zenodo. https://doi.org/10.5281/zenodo.10804357",10.5281/zenodo.10804357,phylogeny,glottolog_glottolog
utoa1244,Uto-Aztecan (Glottolog v5.0),Classification of Uto-Aztecan languages in Glottolog v5.0 pruned to languages represented in D-PLACE,Harald Hammarström and Robert Forkel and Martin Haspelmath and Sebastian Bank,"Harald Hammarström, Robert Forkel, Martin Haspelmath, & Sebastian Bank. (2024). glottolog/glottolog: Glottolog database 5.0 (v5.0) [Data set]. Zenodo. https://doi.org/10.5281/zenodo.10804357",10.5281/zenodo.10804357,phylogeny,glottolog_glottolog
chin1490,Chinookan (Glottolog v5.0),Classification of Chinookan languages in Glottolog v5.0 pruned to languages represented in D-PLACE,Harald Hammarström and Robert Forkel and Martin Haspelmath and Sebastian Bank,"Harald Hammarström, Robert Forkel, Martin Haspelmath, & Sebastian Bank. (2024). glottolog/glottolog: Glottolog database 5.0 (v5.0) [Data set]. Zenodo. https://doi.org/10.5281/zenodo.10804357",10.5281/zenodo.10804357,phylogeny,glottolog_glottolog
tung1282,Tungusic (Glottolog v5.0),Classification of Tungusic languages in Glottolog v5.0 pruned to languages represented in D-PLACE,Harald Hammarström and Robert Forkel and Martin Haspelmath and Sebastian Bank,"Harald Hammarström, Robert Forkel, Martin Haspelmath, & Sebastian Bank. (2024). glottolog/glottolog: Glottolog database 5.0 (v5.0) [Data set]. Zenodo. https://doi.org/10.5281/zenodo.10804357",10.5281/zenodo.10804357,phylogeny,glottolog_glottolog
sali1255,Salishan (Glottolog v5.0),Classification of Salishan languages in Glottolog v5.0 pruned to languages represented in D-PLACE,Harald Hammarström and Robert Forkel and Martin Haspelmath and Sebastian Bank,"Harald Hammarström, Robert Forkel, Martin Haspelmath, & Sebastian Bank. (2024). glottolog/glottolog: Glottolog database 5.0 (v5.0) [Data set]. Zenodo. https://doi.org/10.5281/zenodo.10804357",10.5281/zenodo.10804357,phylogeny,glottolog_glottolog
khoe1240,Khoe-Kwadi (Glottolog v5.0),Classification of Khoe-Kwadi languages in Glottolog v5.0 pruned to languages represented in D-PLACE,Harald Hammarström and Robert Forkel and Martin Haspelmath and Sebastian Bank,"Harald Hammarström, Robert Forkel, Martin Haspelmath, & Sebastian Bank. (2024). glottolog/glottolog: Glottolog database 5.0 (v5.0) [Data set]. Zenodo. https://doi.org/10.5281/zenodo.10804357",10.5281/zenodo.10804357,phylogeny,glottolog_glottolog
eski1264,Eskimo-Aleut (Glottolog v5.0),Classification of Eskimo-Aleut languages in Glottolog v5.0 pruned to languages represented in D-PLACE,Harald Hammarström and Robert Forkel and Martin Haspelmath and Sebastian Bank,"Harald Hammarström, Robert Forkel, Martin Haspelmath, & Sebastian Bank. (2024). glottolog/glottolog: Glottolog database 5.0 (v5.0) [Data set]. Zenodo. https://doi.org/10.5281/zenodo.10804357",10.5281/zenodo.10804357,phylogeny,glottolog_glottolog
japo1237,Japonic (Glottolog v5.0),Classification of Japonic languages in Glottolog v5.0 pruned to languages represented in D-PLACE,Harald Hammarström and Robert Forkel and Martin Haspelmath and Sebastian Bank,"Harald Hammarström, Robert Forkel, Martin Haspelmath, & Sebastian Bank. (2024). glottolog/glottolog: Glottolog database 5.0 (v5.0) [Data set]. Zenodo. https://doi.org/10.5281/zenodo.10804357",10.5281/zenodo.10804357,phylogeny,glottolog_glottolog
araw1281,Arawakan (Glottolog v5.0),Classification of Arawakan languages in Glottolog v5.0 pruned to languages represented in D-PLACE,Harald Hammarström and Robert Forkel and Martin Haspelmath and Sebastian Bank,"Harald Hammarström, Robert Forkel, Martin Haspelmath, & Sebastian Bank. (2024). glottolog/glottolog: Glottolog database 5.0 (v5.0) [Data set]. Zenodo. https://doi.org/10.5281/zenodo.10804357",10.5281/zenodo.10804357,phylogeny,glottolog_glottolog
algi1248,Algic (Glottolog v5.0),Classification of Algic languages in Glottolog v5.0 pruned to languages represented in D-PLACE,Harald Hammarström and Robert Forkel and Martin Haspelmath and Sebastian Bank,"Harald Hammarström, Robert Forkel, Martin Haspelmath, & Sebastian Bank. (2024). glottolog/glottolog: Glottolog database 5.0 (v5.0) [Data set]. Zenodo. https://doi.org/10.5281/zenodo.10804357",10.5281/zenodo.10804357,phylogeny,glottolog_glottolog
cadd1255,Caddoan (Glottolog v5.0),Classification of Caddoan languages in Glottolog v5.0 pruned to languages represented in D-PLACE,Harald Hammarström and Robert Forkel and Martin Haspelmath and Sebastian Bank,"Harald Hammarström, Robert Forkel, Martin Haspelmath, & Sebastian Bank. (2024). glottolog/glottolog: Glottolog database 5.0 (v5.0) [Data set]. Zenodo. https://doi.org/10.5281/zenodo.10804357",10.5281/zenodo.10804357,phylogeny,glottolog_glottolog
mata1289,Matacoan (Glottolog v5.0),Classification of Matacoan languages in Glottolog v5.0 pruned to languages represented in D-PLACE,Harald Hammarström and Robert Forkel and Martin Haspelmath and Sebastian Bank,"Harald Hammarström, Robert Forkel, Martin Haspelmath, & Sebastian Bank. (2024). glottolog/glottolog: Glottolog database 5.0 (v5.0) [Data set]. Zenodo. https://doi.org/10.5281/zenodo.10804357",10.5281/zenodo.10804357,phylogeny,glottolog_glottolog
maid1262,Maiduan (Glottolog v5.0),Classification of Maiduan languages in Glottolog v5.0 pruned to languages represented in D-PLACE,Harald Hammarström and Robert Forkel and Martin Haspelmath and Sebastian Bank,"Harald Hammarström, Robert Forkel, Martin Haspelmath, & Sebastian Bank. (2024). glottolog/glottolog: Glottolog database 5.0 (v5.0) [Data set]. Zenodo. https://doi.org/10.5281/zenodo.10804357",10.5281/zenodo.10804357,phylogeny,glottolog_glottolog
siou1252,Siouan (Glottolog v5.0),Classification of Siouan languages in Glottolog v5.0 pruned to languages represented in D-PLACE,Harald Hammarström and Robert Forkel and Martin Haspelmath and Sebastian Bank,"Harald Hammarström, Robert Forkel, Martin Haspelmath, & Sebastian Bank. (2024). glottolog/glottolog: Glottolog database 5.0 (v5.0) [Data set]. Zenodo. https://doi.org/10.5281/zenodo.10804357",10.5281/zenodo.10804357,phylogeny,glottolog_glottolog
kxaa1236,Kxa (Glottolog v5.0),Classification of Kxa languages in Glottolog v5.0 pruned to languages represented in D-PLACE,Harald Hammarström and Robert Forkel and Martin Haspelmath and Sebastian Bank,"Harald Hammarström, Robert Forkel, Martin Haspelmath, & Sebastian Bank. (2024). glottolog/glottolog: Glottolog database 5.0 (v5.0) [Data set]. Zenodo. https://doi.org/10.5281/zenodo.10804357",10.5281/zenodo.10804357,phylogeny,glottolog_glottolog
pomo1273,Pomoan (Glottolog v5.0),Classification of Pomoan languages in Glottolog v5.0 pruned to languages represented in D-PLACE,Harald Hammarström and Robert Forkel and Martin Haspelmath and Sebastian Bank,"Harald Hammarström, Robert Forkel, Martin Haspelmath, & Sebastian Bank. (2024). glottolog/glottolog: Glottolog database 5.0 (v5.0) [Data set]. Zenodo. https://doi.org/10.5281/zenodo.10804357",10.5281/zenodo.10804357,phylogeny,glottolog_glottolog
atha1245,Athabaskan-Eyak-Tlingit (Glottolog v5.0),Classification of Athabaskan-Eyak-Tlingit languages in Glottolog v5.0 pruned to languages represented in D-PLACE,Harald Hammarström and Robert Forkel and Martin Haspelmath and Sebastian Bank,"Harald Hammarström, Robert Forkel, Martin Haspelmath, & Sebastian Bank. (2024). glottolog/glottolog: Glottolog database 5.0 (v5.0) [Data set]. Zenodo. https://doi.org/10.5281/zenodo.10804357",10.5281/zenodo.10804357,phylogeny,glottolog_glottolog
tuca1253,Tucanoan (Glottolog v5.0),Classification of Tucanoan languages in Glottolog v5.0 pruned to languages represented in D-PLACE,Harald Hammarström and Robert Forkel and Martin Haspelmath and Sebastian Bank,"Harald Hammarström, Robert Forkel, Martin Haspelmath, & Sebastian Bank. (2024). glottolog/glottolog: Glottolog database 5.0 (v5.0) [Data set]. Zenodo. https://doi.org/10.5281/zenodo.10804357",10.5281/zenodo.10804357,phylogeny,glottolog_glottolog
otom1299,Otomanguean (Glottolog v5.0),Classification of Otomanguean languages in Glottolog v5.0 pruned to languages represented in D-PLACE,Harald Hammarström and Robert Forkel and Martin Haspelmath and Sebastian Bank,"Harald Hammarström, Robert Forkel, Martin Haspelmath, & Sebastian Bank. (2024). glottolog/glottolog: Glottolog database 5.0 (v5.0) [Data set]. Zenodo. https://doi.org/10.5281/zenodo.10804357",10.5281/zenodo.10804357,phylogeny,glottolog_glottolog
gunw1250,Gunwinyguan (Glottolog v5.0),Classification of Gunwinyguan languages in Glottolog v5.0 pruned to languages represented in D-PLACE,Harald Hammarström and Robert Forkel and Martin Haspelmath and Sebastian Bank,"Harald Hammarström, Robert Forkel, Martin Haspelmath, & Sebastian Bank. (2024). glottolog/glottolog: Glottolog database 5.0 (v5.0) [Data set]. Zenodo. https://doi.org/10.5281/zenodo.10804357",10.5281/zenodo.10804357,phylogeny,glottolog_glottolog
heib1242,Heibanic (Glottolog v5.0),Classification of Heibanic languages in Glottolog v5.0 pruned to languages represented in D-PLACE,Harald Hammarström and Robert Forkel and Martin Haspelmath and Sebastian Bank,"Harald Hammarström, Robert Forkel, Martin Haspelmath, & Sebastian Bank. (2024). glottolog/glottolog: Glottolog database 5.0 (v5.0) [Data set]. Zenodo. https://doi.org/10.5281/zenodo.10804357",10.5281/zenodo.10804357,phylogeny,glottolog_glottolog
chon1288,Chonan (Glottolog v5.0),Classification of Chonan languages in Glottolog v5.0 pruned to languages represented in D-PLACE,Harald Hammarström and Robert Forkel and Martin Haspelmath and Sebastian Bank,"Harald Hammarström, Robert Forkel, Martin Haspelmath, & Sebastian Bank. (2024). glottolog/glottolog: Glottolog database 5.0 (v5.0) [Data set]. Zenodo. https://doi.org/10.5281/zenodo.10804357",10.5281/zenodo.10804357,phylogeny,glottolog_glottolog
sout2845,South Omotic (Glottolog v5.0),Classification of South Omotic languages in Glottolog v5.0 pruned to languages represented in D-PLACE,Harald Hammarström and Robert Forkel and Martin Haspelmath and Sebastian Bank,"Harald Hammarström, Robert Forkel, Martin Haspelmath, & Sebastian Bank. (2024). glottolog/glottolog: Glottolog database 5.0 (v5.0) [Data set]. Zenodo. https://doi.org/10.5281/zenodo.10804357",10.5281/zenodo.10804357,phylogeny,glottolog_glottolog
pano1259,Pano-Tacanan (Glottolog v5.0),Classification of Pano-Tacanan languages in Glottolog v5.0 pruned to languages represented in D-PLACE,Harald Hammarström and Robert Forkel and Martin Haspelmath and Sebastian Bank,"Harald Hammarström, Robert Forkel, Martin Haspelmath, & Sebastian Bank. (2024). glottolog/glottolog: Glottolog database 5.0 (v5.0) [Data set]. Zenodo. https://doi.org/10.5281/zenodo.10804357",10.5281/zenodo.10804357,phylogeny,glottolog_glottolog
nubi1251,Nubian (Glottolog v5.0),Classification of Nubian languages in Glottolog v5.0 pruned to languages represented in D-PLACE,Harald Hammarström and Robert Forkel and Martin Haspelmath and Sebastian Bank,"Harald Hammarström, Robert Forkel, Martin Haspelmath, & Sebastian Bank. (2024). glottolog/glottolog: Glottolog database 5.0 (v5.0) [Data set]. Zenodo. https://doi.org/10.5281/zenodo.10804357",10.5281/zenodo.10804357,phylogeny,glottolog_glottolog
yano1268,Yanomamic (Glottolog v5.0),Classification of Yanomamic languages in Glottolog v5.0 pruned to languages represented in D-PLACE,Harald Hammarström and Robert Forkel and Martin Haspelmath and Sebastian Bank,"Harald Hammarström, Robert Forkel, Martin Haspelmath, & Sebastian Bank. (2024). glottolog/glottolog: Glottolog database 5.0 (v5.0) [Data set]. Zenodo. https://doi.org/10.5281/zenodo.10804357",10.5281/zenodo.10804357,phylogeny,glottolog_glottolog
nucl1709,Nuclear Trans New Guinea (Glottolog v5.0),Classification of Nuclear Trans New Guinea languages in Glottolog v5.0 pruned to languages represented in D-PLACE,Harald Hammarström and Robert Forkel and Martin Haspelmath and Sebastian Bank,"Harald Hammarström, Robert Forkel, Martin Haspelmath, & Sebastian Bank. (2024). glottolog/glottolog: Glottolog database 5.0 (v5.0) [Data set]. Zenodo. https://doi.org/10.5281/zenodo.10804357",10.5281/zenodo.10804357,phylogeny,glottolog_glottolog
aust1307,Austronesian (Glottolog v5.0),Classification of Austronesian languages in Glottolog v5.0 pruned to languages represented in D-PLACE,Harald Hammarström and Robert Forkel and Martin Haspelmath and Sebastian Bank,"Harald Hammarström, Robert Forkel, Martin Haspelmath, & Sebastian Bank. (2024). glottolog/glottolog: Glottolog database 5.0 (v5.0) [Data set]. Zenodo. https://doi.org/10.5281/zenodo.10804357",10.5281/zenodo.10804357,phylogeny,glottolog_glottolog
koia1260,Koiarian (Glottolog v5.0),Classification of Koiarian languages in Glottolog v5.0 pruned to languages represented in D-PLACE,Harald Hammarström and Robert Forkel and Martin Haspelmath and Sebastian Bank,"Harald Hammarström, Robert Forkel, Martin Haspelmath, & Sebastian Bank. (2024). glottolog/glottolog: Glottolog database 5.0 (v5.0) [Data set]. Zenodo. https://doi.org/10.5281/zenodo.10804357",10.5281/zenodo.10804357,phylogeny,glottolog_glottolog
ural1272,Uralic (Glottolog v5.0),Classification of Uralic languages in Glottolog v5.0 pruned to languages represented in D-PLACE,Harald Hammarström and Robert Forkel and Martin Haspelmath and Sebastian Bank,"Harald Hammarström, Robert Forkel, Martin Haspelmath, & Sebastian Bank. (2024). glottolog/glottolog: Glottolog database 5.0 (v5.0) [Data set]. Zenodo. https://doi.org/10.5281/zenodo.10804357",10.5281/zenodo.10804357,phylogeny,glottolog_glottolog
haid1248,Haida (Glottolog v5.0),Classification of Haida languages in Glottolog v5.0 pruned to languages represented in D-PLACE,Harald Hammarström and Robert Forkel and Martin Haspelmath and Sebastian Bank,"Harald Hammarström, Robert Forkel, Martin Haspelmath, & Sebastian Bank. (2024). glottolog/glottolog: Glottolog database 5.0 (v5.0) [Data set]. Zenodo. https://doi.org/10.5281/zenodo.10804357",10.5281/zenodo.10804357,phylogeny,glottolog_glottolog
kwer1242,Greater Kwerba (Glottolog v5.0),Classification of Greater Kwerba languages in Glottolog v5.0 pruned to languages represented in D-PLACE,Harald Hammarström and Robert Forkel and Martin Haspelmath and Sebastian Bank,"Harald Hammarström, Robert Forkel, Martin Haspelmath, & Sebastian Bank. (2024). glottolog/glottolog: Glottolog database 5.0 (v5.0) [Data set]. Zenodo. https://doi.org/10.5281/zenodo.10804357",10.5281/zenodo.10804357,phylogeny,glottolog_glottolog
yuki1242,Yuki-Wappo (Glottolog v5.0),Classification of Yuki-Wappo languages in Glottolog v5.0 pruned to languages represented in D-PLACE,Harald Hammarström and Robert Forkel and Martin Haspelmath and Sebastian Bank,"Harald Hammarström, Robert Forkel, Martin Haspelmath, & Sebastian Bank. (2024). glottolog/glottolog: Glottolog database 5.0 (v5.0) [Data set]. Zenodo. https://doi.org/10.5281/zenodo.10804357",10.5281/zenodo.10804357,phylogeny,glottolog_glottolog
nilo1247,Nilotic (Glottolog v5.0),Classification of Nilotic languages in Glottolog v5.0 pruned to languages represented in D-PLACE,Harald Hammarström and Robert Forkel and Martin Haspelmath and Sebastian Bank,"Harald Hammarström, Robert Forkel, Martin Haspelmath, & Sebastian Bank. (2024). glottolog/glottolog: Glottolog database 5.0 (v5.0) [Data set]. Zenodo. https://doi.org/10.5281/zenodo.10804357",10.5281/zenodo.10804357,phylogeny,glottolog_glottolog
dizo1235,Dizoid (Glottolog v5.0),Classification of Dizoid languages in Glottolog v5.0 pruned to languages represented in D-PLACE,Harald Hammarström and Robert Forkel and Martin Haspelmath and Sebastian Bank,"Harald Hammarström, Robert Forkel, Martin Haspelmath, & Sebastian Bank. (2024). glottolog/glottolog: Glottolog database 5.0 (v5.0) [Data set]. Zenodo. https://doi.org/10.5281/zenodo.10804357",10.5281/zenodo.10804357,phylogeny,glottolog_glottolog
atla1278,Atlantic-Congo (Glottolog v5.0),Classification of Atlantic-Congo languages in Glottolog v5.0 pruned to languages represented in D-PLACE,Harald Hammarström and Robert Forkel and Martin Haspelmath and Sebastian Bank,"Harald Hammarström, Robert Forkel, Martin Haspelmath, & Sebastian Bank. (2024). glottolog/glottolog: Glottolog database 5.0 (v5.0) [Data set]. Zenodo. https://doi.org/10.5281/zenodo.10804357",10.5281/zenodo.10804357,phylogeny,glottolog_glottolog
quec1387,Quechuan (Glottolog v5.0),Classification of Quechuan languages in Glottolog v5.0 pruned to languages represented in D-PLACE,Harald Hammarström and Robert Forkel and Martin Haspelmath and Sebastian Bank,"Harald Hammarström, Robert Forkel, Martin Haspelmath, & Sebastian Bank. (2024). glottolog/glottolog: Glottolog database 5.0 (v5.0) [Data set]. Zenodo. https://doi.org/10.5281/zenodo.10804357",10.5281/zenodo.10804357,phylogeny,glottolog_glottolog
pala1350,Palaihnihan (Glottolog v5.0),Classification of Palaihnihan languages in Glottolog v5.0 pruned to languages represented in D-PLACE,Harald Hammarström and Robert Forkel and Martin Haspelmath and Sebastian Bank,"Harald Hammarström, Robert Forkel, Martin Haspelmath, & Sebastian Bank. (2024). glottolog/glottolog: Glottolog database 5.0 (v5.0) [Data set]. Zenodo. https://doi.org/10.5281/zenodo.10804357",10.5281/zenodo.10804357,phylogeny,glottolog_glottolog
sino1245,Sino-Tibetan (Glottolog v5.0),Classification of Sino-Tibetan languages in Glottolog v5.0 pruned to languages represented in D-PLACE,Harald Hammarström and Robert Forkel and Martin Haspelmath and Sebastian Bank,"Harald Hammarström, Robert Forkel, Martin Haspelmath, & Sebastian Bank. (2024). glottolog/glottolog: Glottolog database 5.0 (v5.0) [Data set]. Zenodo. https://doi.org/10.5281/zenodo.10804357",10.5281/zenodo.10804357,phylogeny,glottolog_glottolog
chuk1271,Chukotko-Kamchatkan (Glottolog v5.0),Classification of Chukotko-Kamchatkan languages in Glottolog v5.0 pruned to languages represented in D-PLACE,Harald Hammarström and Robert Forkel and Martin Haspelmath and Sebastian Bank,"Harald Hammarström, Robert Forkel, Martin Haspelmath, & Sebastian Bank. (2024). glottolog/glottolog: Glottolog database 5.0 (v5.0) [Data set]. Zenodo. https://doi.org/10.5281/zenodo.10804357",10.5281/zenodo.10804357,phylogeny,glottolog_glottolog
gong1255,Ta-Ne-Omotic (Glottolog v5.0),Classification of Ta-Ne-Omotic languages in Glottolog v5.0 pruned to languages represented in D-PLACE,Harald Hammarström and Robert Forkel and Martin Haspelmath and Sebastian Bank,"Harald Hammarström, Robert Forkel, Martin Haspelmath, & Sebastian Bank. (2024). glottolog/glottolog: Glottolog database 5.0 (v5.0) [Data set]. Zenodo. https://doi.org/10.5281/zenodo.10804357",10.5281/zenodo.10804357,phylogeny,glottolog_glottolog
jara1244,Jarawa-Onge (Glottolog v5.0),Classification of Jarawa-Onge languages in Glottolog v5.0 pruned to languages represented in D-PLACE,Harald Hammarström and Robert Forkel and Martin Haspelmath and Sebastian Bank,"Harald Hammarström, Robert Forkel, Martin Haspelmath, & Sebastian Bank. (2024). glottolog/glottolog: Glottolog database 5.0 (v5.0) [Data set]. Zenodo. https://doi.org/10.5281/zenodo.10804357",10.5281/zenodo.10804357,phylogeny,glottolog_glottolog
taik1256,Tai-Kadai (Glottolog v5.0),Classification of Tai-Kadai languages in Glottolog v5.0 pruned to languages represented in D-PLACE,Harald Hammarström and Robert Forkel and Martin Haspelmath and Sebastian Bank,"Harald Hammarström, Robert Forkel, Martin Haspelmath, & Sebastian Bank. (2024). glottolog/glottolog: Glottolog database 5.0 (v5.0) [Data set]. Zenodo. https://doi.org/10.5281/zenodo.10804357",10.5281/zenodo.10804357,phylogeny,glottolog_glottolog
iroq1247,Iroquoian (Glottolog v5.0),Classification of Iroquoian languages in Glottolog v5.0 pruned to languages represented in D-PLACE,Harald Hammarström and Robert Forkel and Martin Haspelmath and Sebastian Bank,"Harald Hammarström, Robert Forkel, Martin Haspelmath, & Sebastian Bank. (2024). glottolog/glottolog: Glottolog database 5.0 (v5.0) [Data set]. Zenodo. https://doi.org/10.5281/zenodo.10804357",10.5281/zenodo.10804357,phylogeny,glottolog_glottolog
abkh1242,Abkhaz-Adyge (Glottolog v5.0),Classification of Abkhaz-Adyge languages in Glottolog v5.0 pruned to languages represented in D-PLACE,Harald Hammarström and Robert Forkel and Martin Haspelmath and Sebastian Bank,"Harald Hammarström, Robert Forkel, Martin Haspelmath, & Sebastian Bank. (2024). glottolog/glottolog: Glottolog database 5.0 (v5.0) [Data set]. Zenodo. https://doi.org/10.5281/zenodo.10804357",10.5281/zenodo.10804357,phylogeny,glottolog_glottolog
kiow1265,Kiowa-Tanoan (Glottolog v5.0),Classification of Kiowa-Tanoan languages in Glottolog v5.0 pruned to languages represented in D-PLACE,Harald Hammarström and Robert Forkel and Martin Haspelmath and Sebastian Bank,"Harald Hammarström, Robert Forkel, Martin Haspelmath, & Sebastian Bank. (2024). glottolog/glottolog: Glottolog database 5.0 (v5.0) [Data set]. Zenodo. https://doi.org/10.5281/zenodo.10804357",10.5281/zenodo.10804357,phylogeny,glottolog_glottolog
tsim1258,Tsimshian (Glottolog v5.0),Classification of Tsimshian languages in Glottolog v5.0 pruned to languages represented in D-PLACE,Harald Hammarström and Robert Forkel and Martin Haspelmath and Sebastian Bank,"Harald Hammarström, Robert Forkel, Martin Haspelmath, & Sebastian Bank. (2024). glottolog/glottolog: Glottolog database 5.0 (v5.0) [Data set]. Zenodo. https://doi.org/10.5281/zenodo.10804357",10.5281/zenodo.10804357,phylogeny,glottolog_glottolog
nucl1710,Nuclear-Macro-Je (Glottolog v5.0),Classification of Nuclear-Macro-Je languages in Glottolog v5.0 pruned to languages represented in D-PLACE,Harald Hammarström and Robert Forkel and Martin Haspelmath and Sebastian Bank,"Harald Hammarström, Robert Forkel, Martin Haspelmath, & Sebastian Bank. (2024). glottolog/glottolog: Glottolog database 5.0 (v5.0) [Data set]. Zenodo. https://doi.org/10.5281/zenodo.10804357",10.5281/zenodo.10804357,phylogeny,glottolog_glottolog
kart1248,Kartvelian (Glottolog v5.0),Classification of Kartvelian languages in Glottolog v5.0 pruned to languages represented in D-PLACE,Harald Hammarström and Robert Forkel and Martin Haspelmath and Sebastian Bank,"Harald Hammarström, Robert Forkel, Martin Haspelmath, & Sebastian Bank. (2024). glottolog/glottolog: Glottolog database 5.0 (v5.0) [Data set]. Zenodo. https://doi.org/10.5281/zenodo.10804357",10.5281/zenodo.10804357,phylogeny,glottolog_glottolog
tuuu1241,Tuu (Glottolog v5.0),Classification of Tuu languages in Glottolog v5.0 pruned to languages represented in D-PLACE,Harald Hammarström and Robert Forkel and Martin Haspelmath and Sebastian Bank,"Harald Hammarström, Robert Forkel, Martin Haspelmath, & Sebastian Bank. (2024). glottolog/glottolog: Glottolog database 5.0 (v5.0) [Data set]. Zenodo. https://doi.org/10.5281/zenodo.10804357",10.5281/zenodo.10804357,phylogeny,glottolog_glottolog
musk1252,Muskogean (Glottolog v5.0),Classification of Muskogean languages in Glottolog v5.0 pruned to languages represented in D-PLACE,Harald Hammarström and Robert Forkel and Martin Haspelmath and Sebastian Bank,"Harald Hammarström, Robert Forkel, Martin Haspelmath, & Sebastian Bank. (2024). glottolog/glottolog: Glottolog database 5.0 (v5.0) [Data set]. Zenodo. https://doi.org/10.5281/zenodo.10804357",10.5281/zenodo.10804357,phylogeny,glottolog_glottolog
coch1271,Cochimi-Yuman (Glottolog v5.0),Classification of Cochimi-Yuman languages in Glottolog v5.0 pruned to languages represented in D-PLACE,Harald Hammarström and Robert Forkel and Martin Haspelmath and Sebastian Bank,"Harald Hammarström, Robert Forkel, Martin Haspelmath, & Sebastian Bank. (2024). glottolog/glottolog: Glottolog database 5.0 (v5.0) [Data set]. Zenodo. https://doi.org/10.5281/zenodo.10804357",10.5281/zenodo.10804357,phylogeny,glottolog_glottolog
drav1251,Dravidian (Glottolog v5.0),Classification of Dravidian languages in Glottolog v5.0 pruned to languages represented in D-PLACE,Harald Hammarström and Robert Forkel and Martin Haspelmath and Sebastian Bank,"Harald Hammarström, Robert Forkel, Martin Haspelmath, & Sebastian Bank. (2024). glottolog/glottolog: Glottolog database 5.0 (v5.0) [Data set]. Zenodo. https://doi.org/10.5281/zenodo.10804357",10.5281/zenodo.10804357,phylogeny,glottolog_glottolog
kere1287,Keresan (Glottolog v5.0),Classification of Keresan languages in Glottolog v5.0 pruned to languages represented in D-PLACE,Harald Hammarström and Robert Forkel and Martin Haspelmath and Sebastian Bank,"Harald Hammarström, Robert Forkel, Martin Haspelmath, & Sebastian Bank. (2024). glottolog/glottolog: Glottolog database 5.0 (v5.0) [Data set]. Zenodo. https://doi.org/10.5281/zenodo.10804357",10.5281/zenodo.10804357,phylogeny,glottolog_glottolog
mong1349,Mongolic-Khitan (Glottolog v5.0),Classification of Mongolic-Khitan languages in Glottolog v5.0 pruned to languages represented in D-PLACE,Harald Hammarström and Robert Forkel and Martin Haspelmath and Sebastian Bank,"Harald Hammarström, Robert Forkel, Martin Haspelmath, & Sebastian Bank. (2024). glottolog/glottolog: Glottolog database 5.0 (v5.0) [Data set]. Zenodo. https://doi.org/10.5281/zenodo.10804357",10.5281/zenodo.10804357,phylogeny,glottolog_glottolog
aust1305,Austroasiatic (Glottolog v5.0),Classification of Austroasiatic languages in Glottolog v5.0 pruned to languages represented in D-PLACE,Harald Hammarström and Robert Forkel and Martin Haspelmath and Sebastian Bank,"Harald Hammarström, Robert Forkel, Martin Haspelmath, & Sebastian Bank. (2024). glottolog/glottolog: Glottolog database 5.0 (v5.0) [Data set]. Zenodo. https://doi.org/10.5281/zenodo.10804357",10.5281/zenodo.10804357,phylogeny,glottolog_glottolog
dplace-phylogeny-atkinson2006,Phlorest phylogeny derived from Atkinson 2006 'From Species to Languages: a phylogenetic approach to human prehistory',Summary tree of the Phlorest phylogeny derived from Atkinson 2006 'From Species to Languages: a phylogenetic approach to human prehistory',Quentin D. Atkinson,"Quentin D. Atkinson. (2023). Phlorest phylogeny derived from Atkinson 2006 'From Species to Languages: a phylogenetic approach to human prehistory' (v1.2) [Data set]. Zenodo. https://doi.org/10.5281/zenodo.10149488
Atkinson, Quentin D. 2006. From Species to Languages: a phylogenetic approach to human prehistory. PhD Thesis, University of Auckland, New Zealand.",10.5281/zenodo.10149488,phylogeny,dplace-phylogeny-atkinson2006
dplace-phylogeny-birchall_et_al2016,Phlorest phylogeny derived from Birchall et al. 2016 'A combined comparative and phylogenetic analysis of the Chapacuran language family',Summary tree of the Phlorest phylogeny derived from Birchall et al. 2016 'A combined comparative and phylogenetic analysis of the Chapacuran language family',Joshua Birchall and Michael Dunn and Simon J. Greenhill,"Joshua Birchall, Michael Dunn, & Simon J. Greenhill. (2023). Phlorest phylogeny derived from Birchall et al. 2016 'A combined comparative and phylogenetic analysis of the Chapacuran language family' (v1.1) [Data set]. Zenodo. https://doi.org/10.5281/zenodo.10149510
Birchall, Joshua, Michael Dunn, and Simon J. Greenhill. 2016. A combined comparative and phylogenetic analysis of the Chapacuran language family. International Journal of American Linguistics 82 (3): 255–84. doi: 10.1086/687383",10.5281/zenodo.10149510,phylogeny,dplace-phylogeny-birchall_et_al2016
dplace-phylogeny-bouckaert_et_al2012,Phlorest phylogeny derived from Bouckaert et al. 2012 'Mapping the Origins and Expansion of the Indo-European Language Family',Summary tree of the Phlorest phylogeny derived from Bouckaert et al. 2012 'Mapping the Origins and Expansion of the Indo-European Language Family',R. Bouckaert and P. Lemey and M. Dunn and A. V. Alekseyenko and A. J. Drummond and R. D. Gray and M. A. Suchard and Q. D. Atkinson and Simon J. Greenhill,"R. Bouckaert, P. Lemey, M. Dunn, A. V. Alekseyenko, A. J. Drummond, R. D. Gray, M. A. Suchard, Q. D. Atkinson, & Simon J. Greenhill. (2023). Phlorest phylogeny derived from Bouckaert et al. 2012 'Mapping the Origins and Expansion of the Indo-European Language Family' (v1.1) [Data set]. Zenodo. https://doi.org/10.5281/zenodo.10149518
Bouckaert RR, Lemey P, Dunn M, Greenhill SJ, Alekseyenko AV, Drummond AJ, Gray RD, Suchard MA & Atkinson QD. 2012. Mapping the Origins and Expansion of the Indo-European Language Family. Science, 337(6097), 957-960.",10.5281/zenodo.10149518,phylogeny,dplace-phylogeny-bouckaert_et_al2012
dplace-phylogeny-bouckaert_et_al2018,Phlorest phylogeny derived from Bouckaert et al. 2018 'The origin and expansion of Pama–Nyungan languages across Australia',Summary tree of the Phlorest phylogeny derived from Bouckaert et al. 2018 'The origin and expansion of Pama–Nyungan languages across Australia',"Bouckaert, Remco R. and Bowern, Claire and Atkinson, Quentin D.","Bouckaert, R. R., Bowern, C., & Atkinson, Q. D. (2023). Phlorest phylogeny derived from Bouckaert et al. 2018 'The origin and expansion of Pama–Nyungan languages across Australia' (v1.1) [Data set]. Zenodo. https://doi.org/10.5281/zenodo.10149537
Bouckaert RR, Bowern C & Atkinson QD. 2018. The origin and expansion of Pama–Nyungan languages across Australia. Nature Ecology and Evolution. 2: 741–749",10.5281/zenodo.10149537,phylogeny,dplace-phylogeny-bouckaert_et_al2018
dplace-phylogeny-bowern_and_atkinson2012,Phlorest phylogeny derived from Bowern & Atkinson 2012 'Computational phylogenetics and the internal structure of Pama-Nyungan',Summary tree of the Phlorest phylogeny derived from Bowern & Atkinson 2012 'Computational phylogenetics and the internal structure of Pama-Nyungan',Claire Bowern and Quentin Atkinson,"Claire Bowern, & Quentin Atkinson. (2023). Phlorest phylogeny derived from Bowern & Atkinson 2012 'Computational phylogenetics and the internal structure of Pama-Nyungan' (v1.1) [Data set]. Zenodo. https://doi.org/10.5281/zenodo.10149544
Bowern C & Atkinson QD. 2012. Computational phylogenetics and the internal structure of Pama-Nyungan. Language, 88(4), 817-845.",10.5281/zenodo.10149544,phylogeny,dplace-phylogeny-bowern_and_atkinson2012
dplace-phylogeny-chacon_and_list2015,Phlorest phylogeny derived from Chacon & List 2015 'Improved computational models of sound change shed light on the history of the Tukanoan languages',Summary tree of the Phlorest phylogeny derived from Chacon & List 2015 'Improved computational models of sound change shed light on the history of the Tukanoan languages',"Chacon, Thiago Costa and List, Johann-Mattis","Chacon, T. C., & List, J.-M. (2023). Phlorest phylogeny derived from Chacon & List 2015 'Improved computational models of sound change shed light on the history of the Tukanoan languages' (v1.1) [Data set]. Zenodo. https://doi.org/10.5281/zenodo.10149552
Chacon TC, List J-M (2015) Improved computational models of sound change shed light on the history of the Tukanoan languages. Journal of Language Relationship, 3:177–203.",10.5281/zenodo.10149552,phylogeny,dplace-phylogeny-chacon_and_list2015
dplace-phylogeny-chang_et_al2015,Phlorest phylogeny derived from Chang et al. 2015 'Ancestry-constrained phylogenetic analysis supports the Indo-European steppe hypothesis',Summary tree of the Phlorest phylogeny derived from Chang et al. 2015 'Ancestry-constrained phylogenetic analysis supports the Indo-European steppe hypothesis',"Chang, Will and Cathcart, Chundra and Hall, David and Garrett, Andrew","Chang, W., Cathcart, C., Hall, D., & Garrett, A. (2023). Phlorest phylogeny derived from Chang et al. 2015 'Ancestry-constrained phylogenetic analysis supports the Indo-European steppe hypothesis' (v1.1) [Data set]. Zenodo. https://doi.org/10.5281/zenodo.10149561
Chang W, Cathcart C, Hall D, & Garrett A. 2015. Ancestry-constrained phylogenetic analysis supports the Indo-European steppe hypothesis. Language, 91(1):194-244.",10.5281/zenodo.10149561,phylogeny,dplace-phylogeny-chang_et_al2015
dplace-phylogeny-defilippo_et_al2012,Phlorest phylogeny derived from De Filippo et al. 2012 'Bringing together linguistic and genetic evidence to test the Bantu expansion',Summary tree of the Phlorest phylogeny derived from De Filippo et al. 2012 'Bringing together linguistic and genetic evidence to test the Bantu expansion',Cesare de Filippo and Koen Bostoen and Mark Stoneking and Brigitte Pakendorf,"Cesare de Filippo, Koen Bostoen, Mark Stoneking, & Brigitte Pakendorf. (2023). Phlorest phylogeny derived from De Filippo et al. 2012 'Bringing together linguistic and genetic evidence to test the Bantu expansion' (v1.1) [Data set]. Zenodo. https://doi.org/10.5281/zenodo.10149579
De Filippo, C., Bostoen, K., Stoneking, M., & Pakendorf, B. (2012). Bringing together linguistic and genetic evidence to test the Bantu expansion. Proceedings of the Royal Society B: Biological Sciences, 279(1741), 3256–3263. doi:10.1098/rspb.2012.0318",10.5281/zenodo.10149579,phylogeny,dplace-phylogeny-defilippo_et_al2012
dplace-phylogeny-dunn_et_al2011,Phlorest phylogeny derived from Dunn et al. 2011 'Evolved structure of language shows lineage-specific trends in word-order universals',Summary tree of the Phlorest phylogeny derived from Dunn et al. 2011 'Evolved structure of language shows lineage-specific trends in word-order universals',Michael Dunn and S.C. Levinson and Russell D. Gray and Simon J. Greenhill,"Michael Dunn, S.C. Levinson, Russell D. Gray, & Simon J. Greenhill. (2023). Phlorest phylogeny derived from Dunn et al. 2011 'Evolved structure of language shows lineage-specific trends in word-order universals' (v1.1) [Data set]. Zenodo. https://doi.org/10.5281/zenodo.10149621
Dunn M, Greenhill SJ, Levinson SC & Gray RD. 2011. Evolved structure of language shows lineage-specific trends in word-order universals. Nature, 473(7345), 79-82.",10.5281/zenodo.10149621,phylogeny,dplace-phylogeny-dunn_et_al2011
dplace-phylogeny-gray_et_al2009,Phlorest phylogeny derived from Gray et al. 2009 'Language phylogenies reveal expansion pulses and pauses in Pacific settlement',Summary tree of the Phlorest phylogeny derived from Gray et al. 2009 'Language phylogenies reveal expansion pulses and pauses in Pacific settlement',Russell D. Gray and Alexei J. Drummond and Simon J. Greenhill,"Russell D. Gray, ., Alexei J. Drummond, & Simon J. Greenhill. (2023). Phlorest phylogeny derived from Gray et al. 2009 'Language phylogenies reveal expansion pulses and pauses in Pacific settlement' (v1.1.1) [Data set]. Zenodo. https://doi.org/10.5281/zenodo.10149668
Gray RD, Drummond AJ, & Greenhill SJ 2009. Language phylogenies reveal expansion pulses and pauses in Pacific settlement. Science, 323(5913), 479-483.",10.5281/zenodo.10149668,phylogeny,dplace-phylogeny-gray_et_al2009
dplace-phylogeny-greenhill2015,Phlorest phylogeny derived from Greenhill 2015 'TransNewGuinea.org: An Online Database of New Guinea Languages',Summary tree of the Phlorest phylogeny derived from Greenhill 2015 'TransNewGuinea.org: An Online Database of New Guinea Languages',Simon J. Greenhill,"Simon J. Greenhill. (2023). Phlorest phylogeny derived from Greenhill 2015 'TransNewGuinea.org: An Online Database of New Guinea Languages' (v1.1) [Data set]. Zenodo. https://doi.org/10.5281/zenodo.10149678
Greenhill, S. J. (2015). TransNewGuinea.org: An Online Database of New Guinea Languages. PLOS ONE, 10(10), e0141563. doi:10.1371/journal.pone.0141563",10.5281/zenodo.10149678,phylogeny,dplace-phylogeny-greenhill2015
dplace-phylogeny-grollemund_et_al2015,Phlorest phylogeny derived from Grollemund et al. 2015 'Bantu expansion shows habitat alters the route and pace of human dispersals',Summary tree of the Phlorest phylogeny derived from Grollemund et al. 2015 'Bantu expansion shows habitat alters the route and pace of human dispersals',Rebecca Grollemund and Simon Branford and Koen Bostoen and Andrew Meade and Chris Venditti and Mark Pagel,"Rebecca Grollemund, Simon Branford, Koen Bostoen, Andrew Meade, Chris Venditti, & Mark Pagel. (2023). Phlorest phylogeny derived from Grollemund et al. 2015 'Bantu expansion shows habitat alters the route and pace of human dispersals' (v1.1) [Data set]. Zenodo. https://doi.org/10.5281/zenodo.10149683
Grollemund R, Branford S, Bostoen K, Meade A, Venditti C & Pagel M. 2015. Bantu expansion shows habitat alters the route and pace of human dispersals. Proceedings of the National Academy of Sciences of the USA, 112(43), 13296-13301.",10.5281/zenodo.10149683,phylogeny,dplace-phylogeny-grollemund_et_al2015
dplace-phylogeny-honkola_et_al2013,Phlorest phylogeny derived from Honkola et al. 2013 'Cultural and climatic changes shape the evolutionary history of the Uralic languages',Summary tree of the Phlorest phylogeny derived from Honkola et al. 2013 'Cultural and climatic changes shape the evolutionary history of the Uralic languages',"Honkola, T and Vesakoski, O and Korhonen, K and Lehtinen, J and Syrjänen, K and Wahlberg, N","Honkola, T., Vesakoski, O., Korhonen, K., Lehtinen, J., Syrjänen, K., & Wahlberg, N. (2023). Phlorest phylogeny derived from Honkola et al. 2013 'Cultural and climatic changes shape the evolutionary history of the Uralic languages' (v1.1) [Data set]. Zenodo. https://doi.org/10.5281/zenodo.10149686
Honkola T, Vesakoski O, Korhonen K, Lehtinen J, Syrjänen K & Wahlberg N. 2013. Cultural and climatic changes shape the evolutionary history of the Uralic languages. Journal of Evolutionary Biology, 26(6):1244–1253.",10.5281/zenodo.10149686,phylogeny,dplace-phylogeny-honkola_et_al2013
dplace-phylogeny-hruschka_et_al2015,Phlorest phylogeny derived from Hruschka et al. 2015 'Detecting regular sound changes in linguistics as events of concerted evolution',Summary tree of the Phlorest phylogeny derived from Hruschka et al. 2015 'Detecting regular sound changes in linguistics as events of concerted evolution',Daniel J. Hruschka and Simon Branford and Eric D. Smith and Jon Wilkins and Andrew Meade and Mark Pagel and Tanmoy Bhattacharya,"Daniel J. Hruschka, Simon Branford, Eric D. Smith, Jon Wilkins, Andrew Meade, Mark Pagel, & Tanmoy Bhattacharya. (2023). Phlorest phylogeny derived from Hruschka et al. 2015 'Detecting regular sound changes in linguistics as events of concerted evolution' (v1.1) [Data set]. Zenodo. https://doi.org/10.5281/zenodo.10149695
Hruschka, D. J., Branford, S., Smith, E. D., Wilkins, J., Meade, A., Pagel, M., & Bhattacharya, T. (2015). Detecting regular sound changes in linguistics as events of concerted evolution. Current Biology, 25(1), 1-9.",10.5281/zenodo.10149695,phylogeny,dplace-phylogeny-hruschka_et_al2015
dplace-phylogeny-kitchen_et_al2009,Phlorest phylogeny derived from Kitchen et al. 2009 'Bayesian phylogenetic analysis of Semitic languages identifies an Early Bronze Age origin of Semitic in the Near East',Summary tree of the Phlorest phylogeny derived from Kitchen et al. 2009 'Bayesian phylogenetic analysis of Semitic languages identifies an Early Bronze Age origin of Semitic in the Near East',A. Kitchen and C. Ehret and S. Assefa and C. J. Mulligan,"A. Kitchen, C. Ehret, S. Assefa, & C. J. Mulligan. (2023). Phlorest phylogeny derived from Kitchen et al. 2009 'Bayesian phylogenetic analysis of Semitic languages identifies an Early Bronze Age origin of Semitic in the Near East' (v1.1) [Data set]. Zenodo. https://doi.org/10.5281/zenodo.10149760
Kitchen A, Ehret C, Assefa S & Mulligan CJ. 2009. Bayesian phylogenetic analysis of Semitic languages identifies an Early Bronze Age origin of Semitic in the Near East. Proceedings of the Royal Society B: Biological Sciences, 270(1668), 2703-2710.",10.5281/zenodo.10149760,phylogeny,dplace-phylogeny-kitchen_et_al2009
dplace-phylogeny-kolipakam_et_al2018,Phlorest phylogeny derived from Kolipakam et al. 2018 'A Bayesian phylogenetic study of the Dravidian language family',Summary tree of the Phlorest phylogeny derived from Kolipakam et al. 2018 'A Bayesian phylogenetic study of the Dravidian language family',"Kolipakam, Vishnupriya and Jordan, Fiona M. and Dunn, Michael and Bouckaert, Remco and Gray, Russell D. and Verkerk, Annemarie and Simon J. Greenhill","Kolipakam, V., Jordan, F. M., Dunn, M., Bouckaert, R., Gray, R. D., Verkerk, A., & Simon J. Greenhill. (2023). Phlorest phylogeny derived from Kolipakam et al. 2018 'A Bayesian phylogenetic study of the Dravidian language family' (v1.1) [Data set]. Zenodo. https://doi.org/10.5281/zenodo.10149769
Kolipakam V, Jordan FM, Dunn M, Greenhill SJ, Bouckaert R, Gray RD & Verkerk A. 2018. A Bayesian phylogenetic study of the Dravidian language family. R. Soc. Open Sci. 5: 171504.",10.5281/zenodo.10149769,phylogeny,dplace-phylogeny-kolipakam_et_al2018
dplace-phylogeny-lee2015,Phlorest phylogeny derived from Lee 2015 'A Sketch of Language History in the Korean Peninsula',Summary tree of the Phlorest phylogeny derived from Lee 2015 'A Sketch of Language History in the Korean Peninsula',"Lee, Sean","Lee, S. (2023). Phlorest phylogeny derived from Lee 2015 'A Sketch of Language History in the Korean Peninsula' (v1.1) [Data set]. Zenodo. https://doi.org/10.5281/zenodo.10149812
Lee S (2015) A Sketch of Language History in the Korean Peninsula. PLoS ONE 10(5): e0128448. doi:10.1371/journal.pone.0128448",10.5281/zenodo.10149812,phylogeny,dplace-phylogeny-lee2015
dplace-phylogeny-lee_and_hasegawa2011,Phlorest phylogeny derived from Lee & Hasegawa 2011 'Bayesian phylogenetic analysis supports an agricultural origin of Japonic languages',Summary tree of the Phlorest phylogeny derived from Lee & Hasegawa 2011 'Bayesian phylogenetic analysis supports an agricultural origin of Japonic languages',"Lee, Sean and Hasegawa, Toshikazu","Lee, S., & Hasegawa, T. (2023). Phlorest phylogeny derived from Lee & Hasegawa 2011 'Bayesian phylogenetic analysis supports an agricultural origin of Japonic languages' (v1.1) [Data set]. Zenodo. https://doi.org/10.5281/zenodo.10149409
Lee S, Hasegawa T (2011) Bayesian phylogenetic analysis supports an agricultural origin of Japonic languages. Proceedings of the Royal Society B: Biological Sciences, 278(1725):3662–9.",10.5281/zenodo.10149409,phylogeny,dplace-phylogeny-lee_and_hasegawa2011
dplace-phylogeny-lee_and_hasegawa2013,Phlorest phylogeny derived from Lee & Hasegawa 2013 'Evolution of the Ainu Language in Space and Time',Summary tree of the Phlorest phylogeny derived from Lee & Hasegawa 2013 'Evolution of the Ainu Language in Space and Time',Sean Lee and Toshikazu Hasegawa,"Sean Lee, & Toshikazu Hasegawa. (2023). Phlorest phylogeny derived from Lee & Hasegawa 2013 'Evolution of the Ainu Language in Space and Time' (v1.1) [Data set]. Zenodo. https://doi.org/10.5281/zenodo.10149825
Lee S, Hasegawa T (2013) Evolution of the Ainu Language in Space and Time. PLoS ONE 8(4): e62243. doi: 10.1371/journal.pone.0062243",10.5281/zenodo.10149825,phylogeny,dplace-phylogeny-lee_and_hasegawa2013
dplace-phylogeny-robinson_and_holton2012,Phlorest phylogeny derived from Robinson and Holton 2012 'Internal Classification of the Alor-Pantar Language Family Using Computational Methods Applied to the Lexicon',Summary tree of the Phlorest phylogeny derived from Robinson and Holton 2012 'Internal Classification of the Alor-Pantar Language Family Using Computational Methods Applied to the Lexicon',Laura C. Robinson and Gary Holton,"Laura C. Robinson, & Gary Holton. (2023). Phlorest phylogeny derived from Robinson and Holton 2012 'Internal Classification of the Alor-Pantar Language Family Using Computational Methods Applied to the Lexicon' (v1.1) [Data set]. Zenodo. https://doi.org/10.5281/zenodo.10149839
Robinson, L. C., & Holton, G. (2012). Internal Classification of the Alor-Pantar Language Family Using Computational Methods Applied to the Lexicon. Language Dynamics and Change, 2(2), 123-149. doi:10.1163/22105832-20120201",10.5281/zenodo.10149839,phylogeny,dplace-phylogeny-robinson_and_holton2012
dplace-phylogeny-sagart_et_al2019,Phlorest phylogeny derived from Sagart et al. 2019 'Dated language phylogenies shed light on the ancestry of Sino-Tibetan',Summary tree of the Phlorest phylogeny derived from Sagart et al. 2019 'Dated language phylogenies shed light on the ancestry of Sino-Tibetan',"Sagart, Laurent and Jacques, Guillaume and Lai, Yunfan and Ryder, Robin J. and Thouzeau, Valentin and List, Johann-Mattis and Simon J. Greenhill","Sagart, L., Jacques, G., Lai, Y., Ryder, R. J., Thouzeau, V., List, J.-M., & Simon J. Greenhill. (2023). Phlorest phylogeny derived from Sagart et al. 2019 'Dated language phylogenies shed light on the ancestry of Sino-Tibetan' (v1.1) [Data set]. Zenodo. https://doi.org/10.5281/zenodo.10149865
Sagart L, Jacques G, Lai Y, Ryder RJ, Thouzeau V, Greenhill SJ, List J- M. 2019 Dated language phylogenies shed light on the ancestry of Sino-Tibetan. Proceedings of the National Academy of Sciences, 201817972.",10.5281/zenodo.10149865,phylogeny,dplace-phylogeny-sagart_et_al2019
dplace-phylogeny-sicoli_and_holton2014,Phlorest phylogeny derived from Sicoli & Holton 2014 'Linguistic phylogenies support back-migration from Beringia to Asia',Summary tree of the Phlorest phylogeny derived from Sicoli & Holton 2014 'Linguistic phylogenies support back-migration from Beringia to Asia',"Sicoli, Mark A. and Holton, Gary","Sicoli, M. A., & Holton, G. (2023). Phlorest phylogeny derived from Sicoli & Holton 2014 'Linguistic phylogenies support back-migration from Beringia to Asia' (v1.1) [Data set]. Zenodo. https://doi.org/10.5281/zenodo.10149871
Sicoli MA & Holton G (2014) Linguistic phylogenies support back-migration from Beringia to Asia. PLoS One 9(3):e91722.",10.5281/zenodo.10149871,phylogeny,dplace-phylogeny-sicoli_and_holton2014
dplace-phylogeny-walker_and_ribeiro2011,Phlorest phylogeny derived from Walker & Ribeiro 2011 'Bayesian phylogeography of the Arawak expansion in lowland South America',Summary tree of the Phlorest phylogeny derived from Walker & Ribeiro 2011 'Bayesian phylogeography of the Arawak expansion in lowland South America',R. S. Walker and L. A. Ribeiro,"R. S. Walker, & L. A. Ribeiro. (2023). Phlorest phylogeny derived from Walker & Ribeiro 2011 'Bayesian phylogeography of the Arawak expansion in lowland South America' (v1.1) [Data set]. Zenodo. https://doi.org/10.5281/zenodo.10149891
Walker, R. S., & Ribeiro, L. A. (2011). Bayesian phylogeography of the Arawak expansion in lowland South America. Proceedings of the Royal Society B: Biological Sciences, 278(1718), 2562–2567.",10.5281/zenodo.10149891,phylogeny,dplace-phylogeny-walker_and_ribeiro2011
dplace-phylogeny-zhang_et_al2019,Phlorest phylogeny derived from Zhang et al 2019 'Phylogenetic evidence for Sino-Tibetan origin in northern China in the Late Neolithic',Summary tree of the Phlorest phylogeny derived from Zhang et al 2019 'Phylogenetic evidence for Sino-Tibetan origin in northern China in the Late Neolithic',Menghan Zhang and Shi Yan and Wuyun Pan and Li Jin,"Menghan Zhang, Shi Yan, Wuyun Pan, & Li Jin. (2023). Phlorest phylogeny derived from Zhang et al 2019 'Phylogenetic evidence for Sino-Tibetan origin in northern China in the Late Neolithic' (v1.1) [Data set]. Zenodo. https://doi.org/10.5281/zenodo.10149910
Zhang M, Yan S, Pan W, & Jin L. 2019. Phylogenetic evidence for Sino-Tibetan origin in northern China in the Late Neolithic. Nature, 569, 112–115.",10.5281/zenodo.10149910,phylogeny,dplace-phylogeny-zhang_et_al2019
